<cacti>	
	<hash_04001848de672a29cf5e57b5654b92dae57197>
		<name>SNMP - Get Disk IO</name>
		<description>Disk IO statistics</description>
		<xml_path>&lt;path_cacti&gt;/resource/snmp_queries/disk_io.xml</xml_path>
		<data_input_id>hash_030018bf566c869ac6443b0c75d1c32b5a350e</data_input_id>
		<graphs>
			<hash_110018bd066d4822712d90a2e19153e6d273f2>
				<name>Host MIB - Disk IO - Bytes per second</name>
				<graph_template_id>hash_00001864ecd0404c31266f311ce03e0283f373</graph_template_id>
				<rrd>
					<item_000>
						<snmp_field_name>hrDiskIONRead</snmp_field_name>
						<data_template_id>hash_010018f8c0e75661bae86645f3a90365a1f94d</data_template_id>
						<data_template_rrd_id>hash_080018ad73caa2e3d000d5c9ba5e2bc647db4b</data_template_rrd_id>
					</item_000>
					<item_001>
						<snmp_field_name>hrDiskIONWrite</snmp_field_name>
						<data_template_id>hash_010018f8c0e75661bae86645f3a90365a1f94d</data_template_id>
						<data_template_rrd_id>hash_08001819f54a1ec2d0327ff76632051d0be848</data_template_rrd_id>
					</item_001>
				</rrd>
				<sv_graph>
					<hash_12001828fee523b424bd35bf7ad222a157d1cb>
						<field_name>title</field_name>
						<sequence>1</sequence>
						<text>|host_description| - Disk IO Bytes - |query_hrDiskIODescr|</text>
					</hash_12001828fee523b424bd35bf7ad222a157d1cb>
				</sv_graph>
				<sv_data_source>
					<hash_130018a8b910f947aa8d13d0293f1fe70827fe>
						<field_name>name</field_name>
						<data_template_id>hash_010018f8c0e75661bae86645f3a90365a1f94d</data_template_id>
						<sequence>2</sequence>
						<text>|host_description| - Disk IO Bytes - |query_hrDiskIODescr|</text>
					</hash_130018a8b910f947aa8d13d0293f1fe70827fe>
				</sv_data_source>
			</hash_110018bd066d4822712d90a2e19153e6d273f2>
			<hash_11001860730a43697ebd90043614ed9fd784f3>
				<name>Host MIB - Disk IO - Transactions</name>
				<graph_template_id>hash_0000186f62974ef8611eecd64fb76d29ae83c7</graph_template_id>
				<rrd>
					<item_000>
						<snmp_field_name>hrDiskIOReads</snmp_field_name>
						<data_template_id>hash_010018129b4ec91d882d7a99a7ce84e7365ba5</data_template_id>
						<data_template_rrd_id>hash_08001846e637e9f4de2304a4c44b7aab2f6fe8</data_template_rrd_id>
					</item_000>
					<item_001>
						<snmp_field_name>hrDiskIOWrites</snmp_field_name>
						<data_template_id>hash_010018129b4ec91d882d7a99a7ce84e7365ba5</data_template_id>
						<data_template_rrd_id>hash_080018e07aa5bc53c8e855051ea7d839b97b4d</data_template_rrd_id>
					</item_001>
				</rrd>
				<sv_graph>
					<hash_12001857da82f51accf4a990bc597d219d5911>
						<field_name>title</field_name>
						<sequence>2</sequence>
						<text>|host_description| - Disk IO Transactions - |query_hrDiskIODescr|</text>
					</hash_12001857da82f51accf4a990bc597d219d5911>
				</sv_graph>
				<sv_data_source>
					<hash_13001837056821a230920d315de01eceb1b182>
						<field_name>name</field_name>
						<data_template_id>hash_010018129b4ec91d882d7a99a7ce84e7365ba5</data_template_id>
						<sequence>1</sequence>
						<text>|host_description| - Disk IO Transactions - |query_hrDiskIODescr|</text>
					</hash_13001837056821a230920d315de01eceb1b182>
					<hash_130018b0e29cfb17cc652acbc11291a254ef44>
						<field_name>name</field_name>
						<data_template_id>hash_010018f8c0e75661bae86645f3a90365a1f94d</data_template_id>
						<sequence>2</sequence>
						<text>|host_description| - Disk IO - |query_hrDiskIODescr|</text>
					</hash_130018b0e29cfb17cc652acbc11291a254ef44>
				</sv_data_source>
			</hash_11001860730a43697ebd90043614ed9fd784f3>
		</graphs>
	</hash_04001848de672a29cf5e57b5654b92dae57197>
	<hash_030018bf566c869ac6443b0c75d1c32b5a350e>
		<name>Get SNMP Data (Indexed)</name>
		<type_id>3</type_id>
		<input_string></input_string>
		<fields>
			<hash_070018617cdc8a230615e59f06f361ef6e7728>
				<name>SNMP IP Address</name>
				<update_rra></update_rra>
				<regexp_match></regexp_match>
				<allow_nulls></allow_nulls>
				<type_code>hostname</type_code>
				<input_output>in</input_output>
				<data_name>management_ip</data_name>
			</hash_070018617cdc8a230615e59f06f361ef6e7728>
			<hash_070018acb449d1451e8a2a655c2c99d31142c7>
				<name>SNMP Community</name>
				<update_rra></update_rra>
				<regexp_match></regexp_match>
				<allow_nulls></allow_nulls>
				<type_code>snmp_community</type_code>
				<input_output>in</input_output>
				<data_name>snmp_community</data_name>
			</hash_070018acb449d1451e8a2a655c2c99d31142c7>
			<hash_070018f4facc5e2ca7ebee621f09bc6d9fc792>
				<name>SNMP Username (v3)</name>
				<update_rra></update_rra>
				<regexp_match></regexp_match>
				<allow_nulls>on</allow_nulls>
				<type_code>snmp_username</type_code>
				<input_output>in</input_output>
				<data_name>snmp_username</data_name>
			</hash_070018f4facc5e2ca7ebee621f09bc6d9fc792>
			<hash_0700181cc1493a6781af2c478fa4de971531cf>
				<name>SNMP Password (v3)</name>
				<update_rra></update_rra>
				<regexp_match></regexp_match>
				<allow_nulls>on</allow_nulls>
				<type_code>snmp_password</type_code>
				<input_output>in</input_output>
				<data_name>snmp_password</data_name>
			</hash_0700181cc1493a6781af2c478fa4de971531cf>
			<hash_070018b5c23f246559df38662c255f4aa21d6b>
				<name>SNMP Version (1, 2, or 3)</name>
				<update_rra></update_rra>
				<regexp_match></regexp_match>
				<allow_nulls></allow_nulls>
				<type_code>snmp_version</type_code>
				<input_output>in</input_output>
				<data_name>snmp_version</data_name>
			</hash_070018b5c23f246559df38662c255f4aa21d6b>
			<hash_0700186027a919c7c7731fbe095b6f53ab127b>
				<name>Index Type</name>
				<update_rra></update_rra>
				<regexp_match></regexp_match>
				<allow_nulls></allow_nulls>
				<type_code>index_type</type_code>
				<input_output>in</input_output>
				<data_name>index_type</data_name>
			</hash_0700186027a919c7c7731fbe095b6f53ab127b>
			<hash_070018cbbe5c1ddfb264a6e5d509ce1c78c95f>
				<name>Index Value</name>
				<update_rra></update_rra>
				<regexp_match></regexp_match>
				<allow_nulls></allow_nulls>
				<type_code>index_value</type_code>
				<input_output>in</input_output>
				<data_name>index_value</data_name>
			</hash_070018cbbe5c1ddfb264a6e5d509ce1c78c95f>
			<hash_070018e6deda7be0f391399c5130e7c4a48b28>
				<name>Output Type ID</name>
				<update_rra></update_rra>
				<regexp_match></regexp_match>
				<allow_nulls></allow_nulls>
				<type_code>output_type</type_code>
				<input_output>in</input_output>
				<data_name>output_type</data_name>
			</hash_070018e6deda7be0f391399c5130e7c4a48b28>
			<hash_070018c1f36ee60c3dc98945556d57f26e475b>
				<name>SNMP Port</name>
				<update_rra></update_rra>
				<regexp_match></regexp_match>
				<allow_nulls></allow_nulls>
				<type_code>snmp_port</type_code>
				<input_output>in</input_output>
				<data_name>snmp_port</data_name>
			</hash_070018c1f36ee60c3dc98945556d57f26e475b>
			<hash_0700182cf7129ad3ff819a7a7ac189bee48ce8>
				<name>SNMP Authenticaion Protocol (v3)</name>
				<update_rra></update_rra>
				<regexp_match></regexp_match>
				<allow_nulls></allow_nulls>
				<type_code>snmp_auth_protocol</type_code>
				<input_output>in</input_output>
				<data_name>snmp_auth_protocol</data_name>
			</hash_0700182cf7129ad3ff819a7a7ac189bee48ce8>
			<hash_0700186b13ac0a0194e171d241d4b06f913158>
				<name>SNMP Privacy Passphrase (v3)</name>
				<update_rra></update_rra>
				<regexp_match></regexp_match>
				<allow_nulls></allow_nulls>
				<type_code>snmp_priv_passphrase</type_code>
				<input_output>in</input_output>
				<data_name>snmp_priv_passphrase</data_name>
			</hash_0700186b13ac0a0194e171d241d4b06f913158>
			<hash_0700183a33d4fc65b8329ab2ac46a36da26b72>
				<name>SNMP Privacy Protocol (v3)</name>
				<update_rra></update_rra>
				<regexp_match></regexp_match>
				<allow_nulls></allow_nulls>
				<type_code>snmp_priv_protocol</type_code>
				<input_output>in</input_output>
				<data_name>snmp_priv_protocol</data_name>
			</hash_0700183a33d4fc65b8329ab2ac46a36da26b72>
		</fields>
	</hash_030018bf566c869ac6443b0c75d1c32b5a350e>
	<hash_00001864ecd0404c31266f311ce03e0283f373>
		<name>Host MIB - Disk IO - Bytes per Second</name>
		<graph>
			<t_title></t_title>
			<title>|host_description| - Disk IO Bytes - |query_hrDiskIODescr|</title>
			<t_image_format_id></t_image_format_id>
			<image_format_id>1</image_format_id>
			<t_height></t_height>
			<height>120</height>
			<t_width></t_width>
			<width>600</width>
			<t_slope_mode></t_slope_mode>
			<slope_mode>on</slope_mode>
			<t_auto_scale></t_auto_scale>
			<auto_scale>on</auto_scale>
			<t_auto_scale_opts></t_auto_scale_opts>
			<auto_scale_opts>1</auto_scale_opts>
			<t_auto_scale_log></t_auto_scale_log>
			<auto_scale_log></auto_scale_log>
			<t_scale_log_units></t_scale_log_units>
			<scale_log_units></scale_log_units>
			<t_auto_scale_rigid></t_auto_scale_rigid>
			<auto_scale_rigid></auto_scale_rigid>
			<t_auto_padding></t_auto_padding>
			<auto_padding>on</auto_padding>
			<t_export></t_export>
			<export>on</export>
			<t_upper_limit></t_upper_limit>
			<upper_limit>100</upper_limit>
			<t_lower_limit></t_lower_limit>
			<lower_limit>0</lower_limit>
			<t_base_value></t_base_value>
			<base_value>1000</base_value>
			<t_unit_value></t_unit_value>
			<unit_value></unit_value>
			<t_unit_exponent_value></t_unit_exponent_value>
			<unit_exponent_value></unit_exponent_value>
			<t_vertical_label></t_vertical_label>
			<vertical_label>Bytes/Second</vertical_label>
		</graph>
		<items>
			<hash_1000182b30cbea3a3ec164ebfe39b3490099c9>
				<task_item_id>hash_080018ad73caa2e3d000d5c9ba5e2bc647db4b</task_item_id>
				<color_id>00FF00</color_id>
				<alpha>99</alpha>
				<graph_type_id>7</graph_type_id>
				<consolidation_function_id>1</consolidation_function_id>
				<cdef_id>0</cdef_id>
				<value></value>
				<gprint_id>hash_060018e9c43831e54eca8069317a2ce8c6f751</gprint_id>
				<text_format>Read</text_format>
				<hard_return></hard_return>
				<sequence>1</sequence>
			</hash_1000182b30cbea3a3ec164ebfe39b3490099c9>
			<hash_100018371836fb40ad398ce65f087a587470dc>
				<task_item_id>hash_080018ad73caa2e3d000d5c9ba5e2bc647db4b</task_item_id>
				<color_id>0</color_id>
				<alpha>FF</alpha>
				<graph_type_id>9</graph_type_id>
				<consolidation_function_id>4</consolidation_function_id>
				<cdef_id>0</cdef_id>
				<value></value>
				<gprint_id>hash_060018e9c43831e54eca8069317a2ce8c6f751</gprint_id>
				<text_format>Current:</text_format>
				<hard_return></hard_return>
				<sequence>2</sequence>
			</hash_100018371836fb40ad398ce65f087a587470dc>
			<hash_100018dbcbdbe1ef4f83420fb9291c67c2cf32>
				<task_item_id>hash_080018ad73caa2e3d000d5c9ba5e2bc647db4b</task_item_id>
				<color_id>0</color_id>
				<alpha>FF</alpha>
				<graph_type_id>9</graph_type_id>
				<consolidation_function_id>1</consolidation_function_id>
				<cdef_id>0</cdef_id>
				<value></value>
				<gprint_id>hash_060018e9c43831e54eca8069317a2ce8c6f751</gprint_id>
				<text_format>Average:</text_format>
				<hard_return></hard_return>
				<sequence>3</sequence>
			</hash_100018dbcbdbe1ef4f83420fb9291c67c2cf32>
			<hash_10001897fe8ebf90087e1bfe217b00ba74dd89>
				<task_item_id>hash_080018ad73caa2e3d000d5c9ba5e2bc647db4b</task_item_id>
				<color_id>0</color_id>
				<alpha>FF</alpha>
				<graph_type_id>9</graph_type_id>
				<consolidation_function_id>3</consolidation_function_id>
				<cdef_id>0</cdef_id>
				<value></value>
				<gprint_id>hash_060018e9c43831e54eca8069317a2ce8c6f751</gprint_id>
				<text_format>Maximum:</text_format>
				<hard_return></hard_return>
				<sequence>4</sequence>
			</hash_10001897fe8ebf90087e1bfe217b00ba74dd89>
			<hash_100018b24e2b6c6f6a42e2c4a08b074795bb1f>
				<task_item_id>hash_080018ad73caa2e3d000d5c9ba5e2bc647db4b</task_item_id>
				<color_id>00A348</color_id>
				<alpha>FF</alpha>
				<graph_type_id>4</graph_type_id>
				<consolidation_function_id>3</consolidation_function_id>
				<cdef_id>0</cdef_id>
				<value></value>
				<gprint_id>hash_060018e9c43831e54eca8069317a2ce8c6f751</gprint_id>
				<text_format>Peak</text_format>
				<hard_return>on</hard_return>
				<sequence>5</sequence>
			</hash_100018b24e2b6c6f6a42e2c4a08b074795bb1f>
			<hash_1000181806ba89a46eee2760b24cac62bea2ad>
				<task_item_id>hash_08001819f54a1ec2d0327ff76632051d0be848</task_item_id>
				<color_id>FF5F00</color_id>
				<alpha>99</alpha>
				<graph_type_id>7</graph_type_id>
				<consolidation_function_id>1</consolidation_function_id>
				<cdef_id>hash_0500183d352eed9fa8f7b2791205b3273708c7</cdef_id>
				<value></value>
				<gprint_id>hash_060018e9c43831e54eca8069317a2ce8c6f751</gprint_id>
				<text_format>Write</text_format>
				<hard_return></hard_return>
				<sequence>6</sequence>
			</hash_1000181806ba89a46eee2760b24cac62bea2ad>
			<hash_10001877689ab71d375642a3afe73cdccc114e>
				<task_item_id>hash_08001819f54a1ec2d0327ff76632051d0be848</task_item_id>
				<color_id>0</color_id>
				<alpha>FF</alpha>
				<graph_type_id>9</graph_type_id>
				<consolidation_function_id>4</consolidation_function_id>
				<cdef_id>0</cdef_id>
				<value></value>
				<gprint_id>hash_060018e9c43831e54eca8069317a2ce8c6f751</gprint_id>
				<text_format>Current:</text_format>
				<hard_return></hard_return>
				<sequence>7</sequence>
			</hash_10001877689ab71d375642a3afe73cdccc114e>
			<hash_100018930cbf4e059917a54870713ba4c360d4>
				<task_item_id>hash_08001819f54a1ec2d0327ff76632051d0be848</task_item_id>
				<color_id>0</color_id>
				<alpha>FF</alpha>
				<graph_type_id>9</graph_type_id>
				<consolidation_function_id>1</consolidation_function_id>
				<cdef_id>0</cdef_id>
				<value></value>
				<gprint_id>hash_060018e9c43831e54eca8069317a2ce8c6f751</gprint_id>
				<text_format>Average:</text_format>
				<hard_return></hard_return>
				<sequence>8</sequence>
			</hash_100018930cbf4e059917a54870713ba4c360d4>
			<hash_10001814d765bb859b11ef0c3532058b3ad9c2>
				<task_item_id>hash_08001819f54a1ec2d0327ff76632051d0be848</task_item_id>
				<color_id>0</color_id>
				<alpha>FF</alpha>
				<graph_type_id>9</graph_type_id>
				<consolidation_function_id>3</consolidation_function_id>
				<cdef_id>0</cdef_id>
				<value></value>
				<gprint_id>hash_060018e9c43831e54eca8069317a2ce8c6f751</gprint_id>
				<text_format>Maximum:</text_format>
				<hard_return></hard_return>
				<sequence>9</sequence>
			</hash_10001814d765bb859b11ef0c3532058b3ad9c2>
			<hash_100018837c6a71b8e7a352cb11366e166752f5>
				<task_item_id>hash_08001819f54a1ec2d0327ff76632051d0be848</task_item_id>
				<color_id>FF0000</color_id>
				<alpha>FF</alpha>
				<graph_type_id>4</graph_type_id>
				<consolidation_function_id>3</consolidation_function_id>
				<cdef_id>hash_0500183d352eed9fa8f7b2791205b3273708c7</cdef_id>
				<value></value>
				<gprint_id>hash_060018e9c43831e54eca8069317a2ce8c6f751</gprint_id>
				<text_format>Peak</text_format>
				<hard_return>on</hard_return>
				<sequence>10</sequence>
			</hash_100018837c6a71b8e7a352cb11366e166752f5>
		</items>
		<inputs>
			<hash_090018c0c1794fe098d039a92d8b407ece80ba>
				<name>Data Source [disk_bytes_read]</name>
				<description></description>
				<column_name>task_item_id</column_name>
				<items>hash_0000182b30cbea3a3ec164ebfe39b3490099c9|hash_000018371836fb40ad398ce65f087a587470dc|hash_000018dbcbdbe1ef4f83420fb9291c67c2cf32|hash_00001897fe8ebf90087e1bfe217b00ba74dd89|hash_000018b24e2b6c6f6a42e2c4a08b074795bb1f</items>
			</hash_090018c0c1794fe098d039a92d8b407ece80ba>
			<hash_090018091fb8d484689ddc617ee1333fbfed2d>
				<name>Data Source [disk_bytes_written]</name>
				<description></description>
				<column_name>task_item_id</column_name>
				<items>hash_0000181806ba89a46eee2760b24cac62bea2ad|hash_00001877689ab71d375642a3afe73cdccc114e|hash_000018930cbf4e059917a54870713ba4c360d4|hash_00001814d765bb859b11ef0c3532058b3ad9c2|hash_000018837c6a71b8e7a352cb11366e166752f5</items>
			</hash_090018091fb8d484689ddc617ee1333fbfed2d>
		</inputs>
	</hash_00001864ecd0404c31266f311ce03e0283f373>
	<hash_0000186f62974ef8611eecd64fb76d29ae83c7>
		<name>Host MIB - Disk IO - Transactions per Second</name>
		<graph>
			<t_title></t_title>
			<title>|host_description| - Disk IO - |query_hrDiskIODescr|</title>
			<t_image_format_id></t_image_format_id>
			<image_format_id>1</image_format_id>
			<t_height></t_height>
			<height>120</height>
			<t_width></t_width>
			<width>600</width>
			<t_slope_mode></t_slope_mode>
			<slope_mode>on</slope_mode>
			<t_auto_scale></t_auto_scale>
			<auto_scale>on</auto_scale>
			<t_auto_scale_opts></t_auto_scale_opts>
			<auto_scale_opts>1</auto_scale_opts>
			<t_auto_scale_log></t_auto_scale_log>
			<auto_scale_log></auto_scale_log>
			<t_scale_log_units></t_scale_log_units>
			<scale_log_units></scale_log_units>
			<t_auto_scale_rigid></t_auto_scale_rigid>
			<auto_scale_rigid></auto_scale_rigid>
			<t_auto_padding></t_auto_padding>
			<auto_padding>on</auto_padding>
			<t_export></t_export>
			<export>on</export>
			<t_upper_limit></t_upper_limit>
			<upper_limit>100</upper_limit>
			<t_lower_limit></t_lower_limit>
			<lower_limit>0</lower_limit>
			<t_base_value></t_base_value>
			<base_value>1000</base_value>
			<t_unit_value></t_unit_value>
			<unit_value></unit_value>
			<t_unit_exponent_value></t_unit_exponent_value>
			<unit_exponent_value></unit_exponent_value>
			<t_vertical_label></t_vertical_label>
			<vertical_label></vertical_label>
		</graph>
		<items>
			<hash_10001871ba2fb5ef32cea2342e02e059f33c1c>
				<task_item_id>hash_08001846e637e9f4de2304a4c44b7aab2f6fe8</task_item_id>
				<color_id>00FF00</color_id>
				<alpha>99</alpha>
				<graph_type_id>7</graph_type_id>
				<consolidation_function_id>1</consolidation_function_id>
				<cdef_id>0</cdef_id>
				<value></value>
				<gprint_id>hash_060018e9c43831e54eca8069317a2ce8c6f751</gprint_id>
				<text_format>Read</text_format>
				<hard_return></hard_return>
				<sequence>1</sequence>
			</hash_10001871ba2fb5ef32cea2342e02e059f33c1c>
			<hash_1000189c1462bf27261afd2d09d5857356c032>
				<task_item_id>hash_08001846e637e9f4de2304a4c44b7aab2f6fe8</task_item_id>
				<color_id>0</color_id>
				<alpha>FF</alpha>
				<graph_type_id>9</graph_type_id>
				<consolidation_function_id>4</consolidation_function_id>
				<cdef_id>0</cdef_id>
				<value></value>
				<gprint_id>hash_060018e9c43831e54eca8069317a2ce8c6f751</gprint_id>
				<text_format>Current:</text_format>
				<hard_return></hard_return>
				<sequence>2</sequence>
			</hash_1000189c1462bf27261afd2d09d5857356c032>
			<hash_10001874e9b1e378fa33afaff638018d2b44cd>
				<task_item_id>hash_08001846e637e9f4de2304a4c44b7aab2f6fe8</task_item_id>
				<color_id>0</color_id>
				<alpha>FF</alpha>
				<graph_type_id>9</graph_type_id>
				<consolidation_function_id>1</consolidation_function_id>
				<cdef_id>0</cdef_id>
				<value></value>
				<gprint_id>hash_060018e9c43831e54eca8069317a2ce8c6f751</gprint_id>
				<text_format>Average:</text_format>
				<hard_return></hard_return>
				<sequence>3</sequence>
			</hash_10001874e9b1e378fa33afaff638018d2b44cd>
			<hash_100018d44b22d1aadc14470d3a72a42a2a0741>
				<task_item_id>hash_08001846e637e9f4de2304a4c44b7aab2f6fe8</task_item_id>
				<color_id>0</color_id>
				<alpha>FF</alpha>
				<graph_type_id>9</graph_type_id>
				<consolidation_function_id>3</consolidation_function_id>
				<cdef_id>0</cdef_id>
				<value></value>
				<gprint_id>hash_060018e9c43831e54eca8069317a2ce8c6f751</gprint_id>
				<text_format>Maximum:</text_format>
				<hard_return></hard_return>
				<sequence>4</sequence>
			</hash_100018d44b22d1aadc14470d3a72a42a2a0741>
			<hash_1000187851a655324e4ebe2e6c543ec34ac452>
				<task_item_id>hash_08001846e637e9f4de2304a4c44b7aab2f6fe8</task_item_id>
				<color_id>00A348</color_id>
				<alpha>FF</alpha>
				<graph_type_id>4</graph_type_id>
				<consolidation_function_id>3</consolidation_function_id>
				<cdef_id>0</cdef_id>
				<value></value>
				<gprint_id>hash_060018e9c43831e54eca8069317a2ce8c6f751</gprint_id>
				<text_format>Peak</text_format>
				<hard_return>on</hard_return>
				<sequence>5</sequence>
			</hash_1000187851a655324e4ebe2e6c543ec34ac452>
			<hash_10001833c08edd0b4e17a6dc48d339b52390db>
				<task_item_id>hash_080018e07aa5bc53c8e855051ea7d839b97b4d</task_item_id>
				<color_id>FF5F00</color_id>
				<alpha>99</alpha>
				<graph_type_id>7</graph_type_id>
				<consolidation_function_id>1</consolidation_function_id>
				<cdef_id>hash_0500183d352eed9fa8f7b2791205b3273708c7</cdef_id>
				<value></value>
				<gprint_id>hash_060018e9c43831e54eca8069317a2ce8c6f751</gprint_id>
				<text_format>Write</text_format>
				<hard_return></hard_return>
				<sequence>6</sequence>
			</hash_10001833c08edd0b4e17a6dc48d339b52390db>
			<hash_10001827ed3af1eaf851c2c38cc054fff2a81a>
				<task_item_id>hash_080018e07aa5bc53c8e855051ea7d839b97b4d</task_item_id>
				<color_id>0</color_id>
				<alpha>FF</alpha>
				<graph_type_id>9</graph_type_id>
				<consolidation_function_id>4</consolidation_function_id>
				<cdef_id>0</cdef_id>
				<value></value>
				<gprint_id>hash_060018e9c43831e54eca8069317a2ce8c6f751</gprint_id>
				<text_format>Current:</text_format>
				<hard_return></hard_return>
				<sequence>7</sequence>
			</hash_10001827ed3af1eaf851c2c38cc054fff2a81a>
			<hash_100018ec7c9ca702e976fbb5b8dde5eff07a3d>
				<task_item_id>hash_080018e07aa5bc53c8e855051ea7d839b97b4d</task_item_id>
				<color_id>0</color_id>
				<alpha>FF</alpha>
				<graph_type_id>9</graph_type_id>
				<consolidation_function_id>1</consolidation_function_id>
				<cdef_id>0</cdef_id>
				<value></value>
				<gprint_id>hash_060018e9c43831e54eca8069317a2ce8c6f751</gprint_id>
				<text_format>Average:</text_format>
				<hard_return></hard_return>
				<sequence>8</sequence>
			</hash_100018ec7c9ca702e976fbb5b8dde5eff07a3d>
			<hash_100018a34b3f3a504279ec79427628a1052da8>
				<task_item_id>hash_080018e07aa5bc53c8e855051ea7d839b97b4d</task_item_id>
				<color_id>0</color_id>
				<alpha>FF</alpha>
				<graph_type_id>9</graph_type_id>
				<consolidation_function_id>3</consolidation_function_id>
				<cdef_id>0</cdef_id>
				<value></value>
				<gprint_id>hash_060018e9c43831e54eca8069317a2ce8c6f751</gprint_id>
				<text_format>Maximum:</text_format>
				<hard_return></hard_return>
				<sequence>9</sequence>
			</hash_100018a34b3f3a504279ec79427628a1052da8>
			<hash_10001822744ef7d6cee3cae17b78a046f9e956>
				<task_item_id>hash_080018e07aa5bc53c8e855051ea7d839b97b4d</task_item_id>
				<color_id>FF0000</color_id>
				<alpha>FF</alpha>
				<graph_type_id>4</graph_type_id>
				<consolidation_function_id>3</consolidation_function_id>
				<cdef_id>hash_0500183d352eed9fa8f7b2791205b3273708c7</cdef_id>
				<value></value>
				<gprint_id>hash_060018e9c43831e54eca8069317a2ce8c6f751</gprint_id>
				<text_format>Peak</text_format>
				<hard_return>on</hard_return>
				<sequence>10</sequence>
			</hash_10001822744ef7d6cee3cae17b78a046f9e956>
		</items>
		<inputs>
			<hash_090018d50b6145c36fb127ca6c23d4bbd3177f>
				<name>Data Source [disk_read_trans]</name>
				<description></description>
				<column_name>task_item_id</column_name>
				<items>hash_00001871ba2fb5ef32cea2342e02e059f33c1c|hash_0000189c1462bf27261afd2d09d5857356c032|hash_00001874e9b1e378fa33afaff638018d2b44cd|hash_000018d44b22d1aadc14470d3a72a42a2a0741|hash_0000187851a655324e4ebe2e6c543ec34ac452</items>
			</hash_090018d50b6145c36fb127ca6c23d4bbd3177f>
			<hash_09001869776f99edc3dd8dd748f07c2226088c>
				<name>Data Source [disk_write_trans]</name>
				<description></description>
				<column_name>task_item_id</column_name>
				<items>hash_00001833c08edd0b4e17a6dc48d339b52390db|hash_00001827ed3af1eaf851c2c38cc054fff2a81a|hash_000018ec7c9ca702e976fbb5b8dde5eff07a3d|hash_000018a34b3f3a504279ec79427628a1052da8|hash_00001822744ef7d6cee3cae17b78a046f9e956</items>
			</hash_09001869776f99edc3dd8dd748f07c2226088c>
		</inputs>
	</hash_0000186f62974ef8611eecd64fb76d29ae83c7>
	<hash_010018f8c0e75661bae86645f3a90365a1f94d>
		<name>Host MIB - Disk IO Bytes</name>
		<ds>
			<t_name>on</t_name>
			<name>|host_description| - Disk IO Bytes</name>
			<data_input_id>hash_030018bf566c869ac6443b0c75d1c32b5a350e</data_input_id>
			<t_rra_id></t_rra_id>
			<t_rrd_step></t_rrd_step>
			<rrd_step>300</rrd_step>
			<t_active></t_active>
			<active>on</active>
			<rra_items>hash_150018c21df5178e5c955013591239eb0afd46|hash_1500180d9c0af8b8acdc7807943937b3208e29|hash_1500186fc2d038fb42950138b0ce3e9874cc60|hash_150018e36f3adb9f152adfa5dc50fd2b23337e</rra_items>
		</ds>
		<items>
			<hash_080018ad73caa2e3d000d5c9ba5e2bc647db4b>
				<t_data_source_name></t_data_source_name>
				<data_source_name>disk_bytes_read</data_source_name>
				<t_rrd_minimum></t_rrd_minimum>
				<rrd_minimum>0</rrd_minimum>
				<t_rrd_maximum></t_rrd_maximum>
				<rrd_maximum>0</rrd_maximum>
				<t_data_source_type_id></t_data_source_type_id>
				<data_source_type_id>2</data_source_type_id>
				<t_rrd_heartbeat></t_rrd_heartbeat>
				<rrd_heartbeat>600</rrd_heartbeat>
				<t_data_input_field_id></t_data_input_field_id>
				<data_input_field_id>0</data_input_field_id>
			</hash_080018ad73caa2e3d000d5c9ba5e2bc647db4b>
			<hash_08001819f54a1ec2d0327ff76632051d0be848>
				<t_data_source_name></t_data_source_name>
				<data_source_name>disk_bytes_written</data_source_name>
				<t_rrd_minimum></t_rrd_minimum>
				<rrd_minimum>0</rrd_minimum>
				<t_rrd_maximum></t_rrd_maximum>
				<rrd_maximum>0</rrd_maximum>
				<t_data_source_type_id></t_data_source_type_id>
				<data_source_type_id>2</data_source_type_id>
				<t_rrd_heartbeat></t_rrd_heartbeat>
				<rrd_heartbeat>600</rrd_heartbeat>
				<t_data_input_field_id></t_data_input_field_id>
				<data_input_field_id>0</data_input_field_id>
			</hash_08001819f54a1ec2d0327ff76632051d0be848>
		</items>
		<data>
			<item_000>
				<data_input_field_id>hash_0700183a33d4fc65b8329ab2ac46a36da26b72</data_input_field_id>
				<t_value></t_value>
				<value></value>
			</item_000>
			<item_001>
				<data_input_field_id>hash_0700186b13ac0a0194e171d241d4b06f913158</data_input_field_id>
				<t_value></t_value>
				<value></value>
			</item_001>
			<item_002>
				<data_input_field_id>hash_0700182cf7129ad3ff819a7a7ac189bee48ce8</data_input_field_id>
				<t_value></t_value>
				<value></value>
			</item_002>
			<item_003>
				<data_input_field_id>hash_070018c1f36ee60c3dc98945556d57f26e475b</data_input_field_id>
				<t_value></t_value>
				<value></value>
			</item_003>
			<item_004>
				<data_input_field_id>hash_070018e6deda7be0f391399c5130e7c4a48b28</data_input_field_id>
				<t_value>on</t_value>
				<value></value>
			</item_004>
			<item_005>
				<data_input_field_id>hash_070018cbbe5c1ddfb264a6e5d509ce1c78c95f</data_input_field_id>
				<t_value>on</t_value>
				<value></value>
			</item_005>
			<item_006>
				<data_input_field_id>hash_0700186027a919c7c7731fbe095b6f53ab127b</data_input_field_id>
				<t_value>on</t_value>
				<value></value>
			</item_006>
			<item_007>
				<data_input_field_id>hash_070018b5c23f246559df38662c255f4aa21d6b</data_input_field_id>
				<t_value></t_value>
				<value></value>
			</item_007>
			<item_008>
				<data_input_field_id>hash_0700181cc1493a6781af2c478fa4de971531cf</data_input_field_id>
				<t_value></t_value>
				<value></value>
			</item_008>
			<item_009>
				<data_input_field_id>hash_070018f4facc5e2ca7ebee621f09bc6d9fc792</data_input_field_id>
				<t_value></t_value>
				<value></value>
			</item_009>
			<item_010>
				<data_input_field_id>hash_070018acb449d1451e8a2a655c2c99d31142c7</data_input_field_id>
				<t_value></t_value>
				<value></value>
			</item_010>
			<item_011>
				<data_input_field_id>hash_070018617cdc8a230615e59f06f361ef6e7728</data_input_field_id>
				<t_value></t_value>
				<value></value>
			</item_011>
		</data>
	</hash_010018f8c0e75661bae86645f3a90365a1f94d>
	<hash_010018129b4ec91d882d7a99a7ce84e7365ba5>
		<name>Host MIB - Disk IO Transactions</name>
		<ds>
			<t_name>on</t_name>
			<name>|host_description| - Disk IO Transactions</name>
			<data_input_id>hash_030018bf566c869ac6443b0c75d1c32b5a350e</data_input_id>
			<t_rra_id></t_rra_id>
			<t_rrd_step></t_rrd_step>
			<rrd_step>300</rrd_step>
			<t_active></t_active>
			<active>on</active>
			<rra_items>hash_150018c21df5178e5c955013591239eb0afd46|hash_1500180d9c0af8b8acdc7807943937b3208e29|hash_1500186fc2d038fb42950138b0ce3e9874cc60|hash_150018e36f3adb9f152adfa5dc50fd2b23337e</rra_items>
		</ds>
		<items>
			<hash_08001846e637e9f4de2304a4c44b7aab2f6fe8>
				<t_data_source_name></t_data_source_name>
				<data_source_name>disk_read_trans</data_source_name>
				<t_rrd_minimum></t_rrd_minimum>
				<rrd_minimum>0</rrd_minimum>
				<t_rrd_maximum></t_rrd_maximum>
				<rrd_maximum>0</rrd_maximum>
				<t_data_source_type_id></t_data_source_type_id>
				<data_source_type_id>2</data_source_type_id>
				<t_rrd_heartbeat></t_rrd_heartbeat>
				<rrd_heartbeat>600</rrd_heartbeat>
				<t_data_input_field_id></t_data_input_field_id>
				<data_input_field_id>0</data_input_field_id>
			</hash_08001846e637e9f4de2304a4c44b7aab2f6fe8>
			<hash_080018e07aa5bc53c8e855051ea7d839b97b4d>
				<data_source_name>disk_write_trans</data_source_name>
				<rrd_minimum>0</rrd_minimum>
				<rrd_maximum>0</rrd_maximum>
				<data_source_type_id>2</data_source_type_id>
				<rrd_heartbeat>600</rrd_heartbeat>
				<data_input_field_id>0</data_input_field_id>
			</hash_080018e07aa5bc53c8e855051ea7d839b97b4d>
		</items>
		<data>
			<item_000>
				<data_input_field_id>hash_0700183a33d4fc65b8329ab2ac46a36da26b72</data_input_field_id>
				<t_value></t_value>
				<value></value>
			</item_000>
			<item_001>
				<data_input_field_id>hash_0700186b13ac0a0194e171d241d4b06f913158</data_input_field_id>
				<t_value></t_value>
				<value></value>
			</item_001>
			<item_002>
				<data_input_field_id>hash_0700182cf7129ad3ff819a7a7ac189bee48ce8</data_input_field_id>
				<t_value></t_value>
				<value></value>
			</item_002>
			<item_003>
				<data_input_field_id>hash_070018c1f36ee60c3dc98945556d57f26e475b</data_input_field_id>
				<t_value></t_value>
				<value></value>
			</item_003>
			<item_004>
				<data_input_field_id>hash_070018e6deda7be0f391399c5130e7c4a48b28</data_input_field_id>
				<t_value>on</t_value>
				<value></value>
			</item_004>
			<item_005>
				<data_input_field_id>hash_070018cbbe5c1ddfb264a6e5d509ce1c78c95f</data_input_field_id>
				<t_value>on</t_value>
				<value></value>
			</item_005>
			<item_006>
				<data_input_field_id>hash_0700186027a919c7c7731fbe095b6f53ab127b</data_input_field_id>
				<t_value>on</t_value>
				<value></value>
			</item_006>
			<item_007>
				<data_input_field_id>hash_070018b5c23f246559df38662c255f4aa21d6b</data_input_field_id>
				<t_value></t_value>
				<value></value>
			</item_007>
			<item_008>
				<data_input_field_id>hash_0700181cc1493a6781af2c478fa4de971531cf</data_input_field_id>
				<t_value></t_value>
				<value></value>
			</item_008>
			<item_009>
				<data_input_field_id>hash_070018f4facc5e2ca7ebee621f09bc6d9fc792</data_input_field_id>
				<t_value></t_value>
				<value></value>
			</item_009>
			<item_010>
				<data_input_field_id>hash_070018acb449d1451e8a2a655c2c99d31142c7</data_input_field_id>
				<t_value></t_value>
				<value></value>
			</item_010>
			<item_011>
				<data_input_field_id>hash_070018617cdc8a230615e59f06f361ef6e7728</data_input_field_id>
				<t_value></t_value>
				<value></value>
			</item_011>
		</data>
	</hash_010018129b4ec91d882d7a99a7ce84e7365ba5>
	<hash_150018c21df5178e5c955013591239eb0afd46>
		<name>Daily (5 Minute Average)</name>
		<x_files_factor>0.5</x_files_factor>
		<steps>1</steps>
		<rows>4100</rows>
		<timespan>86400</timespan>
		<cf_items>1|3</cf_items>
	</hash_150018c21df5178e5c955013591239eb0afd46>
	<hash_1500180d9c0af8b8acdc7807943937b3208e29>
		<name>Weekly (30 Minute Average)</name>
		<x_files_factor>0.5</x_files_factor>
		<steps>6</steps>
		<rows>700</rows>
		<timespan>604800</timespan>
		<cf_items>1|3</cf_items>
	</hash_1500180d9c0af8b8acdc7807943937b3208e29>
	<hash_1500186fc2d038fb42950138b0ce3e9874cc60>
		<name>Monthly (2 Hour Average)</name>
		<x_files_factor>0.5</x_files_factor>
		<steps>24</steps>
		<rows>775</rows>
		<timespan>2678400</timespan>
		<cf_items>1|3</cf_items>
	</hash_1500186fc2d038fb42950138b0ce3e9874cc60>
	<hash_150018e36f3adb9f152adfa5dc50fd2b23337e>
		<name>Yearly (1 Day Average)</name>
		<x_files_factor>0.5</x_files_factor>
		<steps>288</steps>
		<rows>1500</rows>
		<timespan>33053184</timespan>
		<cf_items>1|3</cf_items>
	</hash_150018e36f3adb9f152adfa5dc50fd2b23337e>
	<hash_0500183d352eed9fa8f7b2791205b3273708c7>
		<name>Make Stack Negative</name>
		<items>
			<hash_140018c888c9fe6b62c26c4bfe23e18991731d>
				<sequence>1</sequence>
				<type>4</type>
				<value>CURRENT_DATA_SOURCE</value>
			</hash_140018c888c9fe6b62c26c4bfe23e18991731d>
			<hash_1400184355c197998c7f8b285be7821ddc6da4>
				<sequence>2</sequence>
				<type>6</type>
				<value>-1</value>
			</hash_1400184355c197998c7f8b285be7821ddc6da4>
			<hash_1400181e1d0b29a94e08b648c8f053715442a0>
				<sequence>3</sequence>
				<type>2</type>
				<value>3</value>
			</hash_1400181e1d0b29a94e08b648c8f053715442a0>
		</items>
	</hash_0500183d352eed9fa8f7b2791205b3273708c7>
	<hash_060018e9c43831e54eca8069317a2ce8c6f751>
		<name>Normal</name>
		<gprint_text>%8.2lf %s</gprint_text>
	</hash_060018e9c43831e54eca8069317a2ce8c6f751>
</cacti>